<?xml version="1.0" encoding="utf-8"?>
<doctrine-mapping xmlns="http://doctrine-project.org/schemas/orm/doctrine-mapping" xmlns:xsi="http://www.w3.org/2001/XMLSchema-instance" xsi:schemaLocation="http://doctrine-project.org/schemas/orm/doctrine-mapping http://doctrine-project.org/schemas/orm/doctrine-mapping.xsd">
  <entity name="Ridwan\EntityBundle\Entity\Employment" table="Employment">

    <id name="id" type="integer" column="id">
      <generator strategy="IDENTITY"/>
    </id>
    <field name="occupation" type="string" column="occupation" length="45" nullable="false"/>
    <field name="organizationtype" type="string" column="organizationtype" length="45" nullable="true"/>
    <field name="organization" type="string" column="organization" length="45" nullable="false"/>
    <many-to-one field="user" target-entity="Authentication">
      <join-columns>
        <join-column name="user" referenced-column-name="id"/>
      </join-columns>
    </many-to-one>
  </entity>
</doctrine-mapping>
