<?xml version="1.0" encoding="utf-8"?>
<doctrine-mapping xmlns="http://doctrine-project.org/schemas/orm/doctrine-mapping" xmlns:xsi="http://www.w3.org/2001/XMLSchema-instance" xsi:schemaLocation="http://doctrine-project.org/schemas/orm/doctrine-mapping http://doctrine-project.org/schemas/orm/doctrine-mapping.xsd">
  <entity name="Ridwan\EntityBundle\Entity\Organization" table="Organization">
      <unique-constraints>
          <unique-constraint name="user_UNIQUE" columns="user"/>
      </unique-constraints>
    <id name="id" type="integer" column="id">
      <generator strategy="IDENTITY"/>
    </id>
    <field name="name" type="string" column="name" nullable="false"/>
    <field name="branch" type="string" column="branch" length="45" nullable="false"/>
    <field name="type" type="string" column="type" length="45" nullable="true"/>
    <field name="previousprojects" type="text" column="previousprojects" nullable="true"/>
    <field name="status" type="smallint" column="status" nullable="false"/>

      <many-to-one field="user" target-entity="Authentication">
          <join-columns>
              <join-column name="user" referenced-column-name="id"/>
          </join-columns>
      </many-to-one>
  </entity>
</doctrine-mapping>
