<?xml version="1.0" encoding="utf-8"?>
<doctrine-mapping xmlns="http://doctrine-project.org/schemas/orm/doctrine-mapping" xmlns:xsi="http://www.w3.org/2001/XMLSchema-instance" xsi:schemaLocation="http://doctrine-project.org/schemas/orm/doctrine-mapping http://doctrine-project.org/schemas/orm/doctrine-mapping.xsd">
  <entity name="Ridwan\EntityBundle\Entity\Organizationfeedback" table="OrganizationFeedback">
    <unique-constraints>
      <unique-constraint name="volunteer_UNIQUE" columns="volunteer"/>
      <unique-constraint name="organization_UNIQUE" columns="organization"/>
    </unique-constraints>
    <id name="id" type="integer" column="id">
      <generator strategy="IDENTITY"/>
    </id>
    <field name="date" type="datetime" column="date" nullable="true"/>
    <field name="rating" type="string" column="rating" length="45" nullable="false"/>
    <field name="comment" type="string" column="comment" length="45" nullable="true"/>
    <field name="recommend" type="boolean" column="recommend" nullable="true"/>
    <field name="joinagain" type="boolean" column="joinagain" nullable="true"/>
    <field name="description" type="string" column="description" length="45" nullable="true"/>
    <many-to-one field="organization" target-entity="Organization">
      <join-columns>
        <join-column name="organization" referenced-column-name="id"/>
      </join-columns>
    </many-to-one>
    <many-to-one field="volunteer" target-entity="Volunteerpersonal">
      <join-columns>
        <join-column name="volunteer" referenced-column-name="id"/>
      </join-columns>
    </many-to-one>
  </entity>
</doctrine-mapping>
